Size, Seq, Par, Libc
150000, 0.0278638, 0.0414282, 0.031848
200000, 0.0420888, 0.0490586, 0.0460352
250000, 0.0495222, 0.0572056, 0.055967
300000, 0.0588662, 0.069635, 0.0655844
350000, 0.0721348, 0.0735876, 0.077851
400000, 0.079271, 0.0881066, 0.0866398
450000, 0.0979552, 0.100909, 0.100545
500000, 0.105812, 0.102332, 0.111375
550000, 0.117141, 0.107133, 0.123253
600000, 0.12822, 0.121159, 0.135282
650000, 0.138721, 0.125443, 0.156618
