Size, Seq, Par, Libc
1000000, 0.229532, 0.188757, 0.269288
1500000, 0.333314, 0.26961, 0.403907
2000000, 0.479414, 0.381707, 0.54021
2500000, 0.6152, 0.455416, 0.638072
3000000, 0.757249, 0.57366, 0.853819
3500000, 0.863396, 0.625541, 1.00953
