Size, Seq, Par, Libc
1000000, 0.229935, 0.196341, 0.239433
2000000, 0.450199, 0.367225, 0.515661
3000000, 0.704227, 0.563904, 0.80784
4000000, 1.0155, 0.739807, 1.11902
5000000, 1.24602, 0.911817, 1.42048
6000000, 1.46897, 1.15536, 1.6977
7000000, 1.92464, 1.32998, 2.17312
8000000, 2.01542, 1.46024, 2.34491
9000000, 2.39836, 1.64333, 2.72098
10000000, 2.71563, 1.90559, 3.00784
