Size, Seq, Par, Libc
150000, 0.0284048, 0.0395338, 0.0316798
200000, 0.0384452, 0.0486048, 0.0453642
250000, 0.0494666, 0.0594912, 0.055529
300000, 0.0582556, 0.0643846, 0.0662172
350000, 0.0700358, 0.0726412, 0.077842
400000, 0.079915, 0.0879368, 0.0881152
450000, 0.0918048, 0.0983758, 0.0989444
500000, 0.106212, 0.0993964, 0.111272
550000, 0.114295, 0.106865, 0.125069
600000, 0.137742, 0.124575, 0.145774
650000, 0.137185, 0.126616, 0.147516
