Size, Seq, Par, Libc
410000, 0.084875, 0.092885, 0.089416
420000, 0.085978, 0.0909202, 0.09174
430000, 0.086075, 0.0951414, 0.094555
440000, 0.0889766, 0.0969398, 0.0968118
450000, 0.0916564, 0.096224, 0.100926
460000, 0.0926908, 0.102134, 0.103707
470000, 0.0964106, 0.0963366, 0.102594
480000, 0.0999292, 0.104068, 0.105463
490000, 0.100115, 0.101012, 0.10766
