Size, Seq, Par, Libc
100, 1.94e-05, 0.0052858, 2.1e-05
400, 6.52e-05, 0.0110056, 6.62e-05
700, 8.36e-05, 0.0103824, 9.64e-05
1000, 0.000124, 0.0150114, 0.0001384
1300, 0.0002918, 0.0155376, 0.0002776
1600, 0.000268, 0.0123938, 0.0002308
1900, 0.0003914, 0.021489, 0.0004094
2200, 0.0003056, 0.0145034, 0.000327
2500, 0.0005146, 0.024825, 0.0005518
