Size, Seq, Par, Libc
150000, 0.0300536, 0.0388672, 0.0336088
200000, 0.038895, 0.0496396, 0.0451892
250000, 0.049577, 0.0563462, 0.0552126
300000, 0.0591558, 0.0646338, 0.065437
350000, 0.0695454, 0.072609, 0.0764598
400000, 0.0839166, 0.0935808, 0.0928834
450000, 0.0898296, 0.0979214, 0.0991766
500000, 0.112235, 0.103614, 0.111706
550000, 0.116081, 0.107295, 0.124602
600000, 0.128444, 0.119504, 0.135606
650000, 0.137239, 0.121103, 0.147695
