Size, Seq, Par, Libc
100, 2.08e-05, 0.0054908, 2.26e-05
400, 4.62e-05, 0.0067854, 6.32e-05
700, 9.38e-05, 0.0100732, 0.0001066
1000, 0.0001378, 0.0148532, 0.0001462
1300, 0.000179, 0.0162616, 0.0001954
1600, 0.000223, 0.0170098, 0.0002372
1900, 0.000417, 0.0194996, 0.0003288
2200, 0.000319, 0.0177752, 0.0003362
2500, 0.0003896, 0.0207026, 0.0004122
