Size, Seq, Par, Libc
150000, 0.0285054, 0.0395358, 0.0330006
200000, 0.0387276, 0.0509048, 0.0454554
250000, 0.050186, 0.0581297, 0.0556226
300000, 0.0592878, 0.0663336, 0.0653212
350000, 0.0698934, 0.0750951, 0.0765738
400000, 0.0820064, 0.0894345, 0.0875105
450000, 0.0939287, 0.0977712, 0.102965
500000, 0.105587, 0.102591, 0.111433
550000, 0.118581, 0.107597, 0.123509
600000, 0.127666, 0.11584, 0.135783
650000, 0.138909, 0.125078, 0.148952
