Size, Seq, Par, Libc
250000, 0.0494998, 0.0584888, 0.0557316
300000, 0.0585524, 0.0640738, 0.0665234
350000, 0.069203, 0.0753992, 0.0770452
400000, 0.0811262, 0.088613, 0.0879604
450000, 0.0897372, 0.0960386, 0.0998308
500000, 0.102565, 0.10182, 0.113365
550000, 0.114723, 0.108919, 0.122605
600000, 0.12687, 0.116042, 0.136145
650000, 0.140951, 0.127231, 0.148168
