Size, Seq, Par, Libc
1000000, 0.214525, 0.190503, 0.247288
1500000, 0.3878, 0.311406, 0.393805
2000000, 0.457908, 0.363314, 0.504131
2500000, 0.626985, 0.452368, 0.627721
3000000, 0.738981, 0.555107, 0.801494
3500000, 0.876708, 0.65682, 0.982506
