Size, Seq, Par, Libc
400000, 0.0807056, 0.0816968, 0.088323
500000, 0.100113, 0.0985986, 0.110372
600000, 0.125131, 0.116212, 0.134838
700000, 0.146473, 0.132582, 0.158773
800000, 0.168294, 0.150312, 0.183183
900000, 0.189165, 0.167294, 0.223324
