Size, Seq, Par, Libc
1000000, 0.231181, 0.194391, 0.254738
1500000, 0.364977, 0.295019, 0.398953
2000000, 0.458624, 0.350597, 0.515678
2500000, 0.631296, 0.454357, 0.679406
3000000, 0.731963, 0.532391, 0.781533
3500000, 0.870349, 0.660652, 0.926473
