Size, Seq, Par, Libc
350000, 0.0709054, 0.0799468, 0.07649
375000, 0.0744028, 0.0821818, 0.0830378
400000, 0.0808236, 0.0875816, 0.0877432
425000, 0.086252, 0.0937046, 0.0932974
450000, 0.0918084, 0.0930998, 0.0987388
475000, 0.0966274, 0.100718, 0.105071
500000, 0.104233, 0.103179, 0.110241
525000, 0.110016, 0.111335, 0.115886
550000, 0.114182, 0.11367, 0.124556
