Size, Seq, Par, Libc
1000000, 0.236633, 0.197745, 0.237733
2000000, 0.452049, 0.361175, 0.487631
3000000, 0.73509, 0.528585, 0.810573
4000000, 0.969716, 0.733477, 1.09831
5000000, 1.26655, 0.897562, 1.40451
6000000, 1.5608, 1.09593, 1.69606
7000000, 1.78203, 1.2673, 2.027
8000000, 2.08695, 1.50253, 2.34861
9000000, 2.33098, 1.6399, 2.61845
10000000, 2.66134, 1.85042, 2.97237
