Size, Seq, Par, Libc
10000, 0.0015706, 0.0251566, 0.0017132
20000, 0.0033164, 0.0265888, 0.0036654
30000, 0.0051518, 0.0337878, 0.0058508
40000, 0.0069404, 0.0307238, 0.0079506
50000, 0.0095754, 0.033382, 0.0102952
60000, 0.0109676, 0.0283468, 0.0121748
70000, 0.0129652, 0.0346988, 0.0142922
80000, 0.0151148, 0.0339376, 0.016378
90000, 0.0169546, 0.034155, 0.0185218
100000, 0.0192054, 0.036903, 0.0205494
