Size, Seq, Par, Libc
400000, 0.0840372, 0.0826606, 0.093933
500000, 0.107413, 0.106726, 0.123893
600000, 0.12615, 0.115899, 0.150366
700000, 0.167601, 0.144859, 0.170263
800000, 0.19081, 0.160578, 0.194301
900000, 0.216872, 0.175894, 0.218589
