Size, Seq, Par, Libc
100, 9.6e-06, 0.0321362, 1.26e-05
400, 4.62e-05, 0.0716584, 5.68e-05
700, 9.02e-05, 0.084713, 0.0001034
1000, 0.0001386, 0.0780342, 0.0001298
1300, 0.0001562, 0.115423, 0.0001658
1600, 0.0002044, 0.145217, 0.0002446
1900, 0.0002528, 0.131617, 0.0002446
2200, 0.000331, 0.163659, 0.0002968
2500, 0.0003622, 0.142477, 0.0003326
