Size, Seq, Par, Libc
1000000, 0.222981, 0.312496, 0.218535
1500000, 0.33557, 0.38935, 0.343664
2000000, 0.462941, 0.445339, 0.45438
2500000, 0.569319, 0.494665, 0.578959
3000000, 0.699868, 0.57214, 0.70682
3500000, 0.823777, 0.606888, 0.832664
