Size, Seq, Par, Libc
110000, 0.0198288, 0.225269, 0.0198462
120000, 0.0218608, 0.221648, 0.0215748
130000, 0.0247072, 0.263149, 0.0233118
140000, 0.0260802, 0.212021, 0.025365
150000, 0.0288122, 0.251732, 0.029126
160000, 0.0314746, 0.268199, 0.0292768
