Size, Seq, Par, Libc
1000000, 0.21659, 0.339423, 0.217485
2000000, 0.450108, 0.40987, 0.454639
3000000, 0.690707, 0.566209, 0.70177
4000000, 0.957374, 0.696234, 0.966481
5000000, 1.20129, 0.790303, 1.21854
6000000, 1.44489, 0.921879, 1.48802
7000000, 1.70076, 1.07595, 1.75523
8000000, 1.94037, 1.21409, 2.01106
9000000, 2.19955, 1.33983, 2.2924
10000000, 2.45538, 1.46277, 2.55059
