Size, Seq, Par, Libc
100, 1.06e-05, 0.0331524, 1.18e-05
400, 4.28e-05, 0.051796, 5.4e-05
700, 7.88e-05, 0.0991176, 8.92e-05
1000, 0.00012, 0.071797, 0.0001312
1300, 0.000206, 0.0966104, 0.0001868
1600, 0.0001938, 0.076972, 0.0001982
1900, 0.0002502, 0.107984, 0.0002408
2200, 0.0003072, 0.112586, 0.000309
2500, 0.0003396, 0.145592, 0.0003152
