Size, Seq, Par, Libc
400000, 0.080663, 0.240088, 0.0783552
500000, 0.10054, 0.239503, 0.101682
600000, 0.12376, 0.296779, 0.124102
700000, 0.145739, 0.301032, 0.144411
800000, 0.167983, 0.279887, 0.170342
900000, 0.196654, 0.312288, 0.194273
